,street_name,street_type,center_0,center_1,center_2,coords_0_0,coords_0_1,coords_0_2,coords_1_0,coords_1_1,coords_1_2,coords_2_0,coords_2_1,coords_2_2,coords_3_0,coords_3_1,coords_3_2,coords_4_0,coords_4_1,coords_4_2,coords_5_0,coords_5_1,coords_5_2,coords_6_0,coords_6_1,coords_6_2,coords_7_0,coords_7_1,coords_7_2,coords_8_0,coords_8_1,coords_8_2,coords_9_0,coords_9_1,coords_9_2,coords_10_0,coords_10_1,coords_10_2,coords_11_0,coords_11_1,coords_11_2,coords_12_0,coords_12_1,coords_12_2,coords_13_0,coords_13_1,coords_13_2,coords_14_0,coords_14_1,coords_14_2
0,Chemin de la Plage,Secondary,-73.9447708,45.463237,0 ,-73.9457369,45.4625366,0,-73.9455778,45.4624383,0,-73.9453933,45.4624075,0,-73.945242,45.4624261,0,-73.9450616,45.4625123,0,-73.9449573,45.4626522,0,-73.9448134,45.4631656,0,-73.9447515,45.4632693,0,-73.9451081,45.463232,0,-73.9453362,45.4631591,0,-73.9455242,45.4630324,0,-73.9457022,45.4629102,0,-73.94583,45.4627522,0,-73.9457935,45.4626399,0,-73.9457369,45.4625366,0
1,Chemin de la Plage,Secondary,-73.9443995,45.4634006,0 ,-73.9440377,45.4633847,0,-73.9441141,45.4634203,0,-73.9442362,45.4634379,0,-73.9443611,45.4634149,0,-73.9447515,45.4632693,0,,,,,,,,,,,,,,,,,,,,,,,,,,,,,,
